DATE,corporate_bond_index
1/2/12,
1/3/12,827.11
1/4/12,828.3
1/5/12,828.69
1/6/12,829.91
1/9/12,830.92
1/10/12,832.52
1/11/12,832.84
1/12/12,833.26
1/13/12,832.49
1/16/12,833.11
1/17/12,833.41
1/18/12,834
1/19/12,836.8
1/20/12,837.3
1/23/12,839.39
1/24/12,840.22
1/25/12,842.36
1/26/12,846.58
1/27/12,847.3
1/30/12,846.5
1/31/12,847.53
2/1/12,848.97
2/2/12,849.57
2/3/12,851.41
2/6/12,852.81
2/7/12,853.77
2/8/12,855.3
2/9/12,855.61
2/10/12,853.79
2/13/12,855.25
2/14/12,855.61
2/15/12,855.55
2/16/12,854.46
2/17/12,856.29
2/20/12,856.85
2/21/12,857.77
2/22/12,858.95
2/23/12,860.69
2/24/12,863.08
2/27/12,864.09
2/28/12,865.34
2/29/12,866.84
3/1/12,867.29
3/2/12,867.77
3/5/12,866.33
3/6/12,861.2
3/7/12,862.14
3/8/12,863.54
3/9/12,864.52
3/12/12,865.3
3/13/12,866.18
3/14/12,866.59
3/15/12,865.64
3/16/12,865.7
3/19/12,866.2
3/20/12,865.41
3/21/12,866.1
3/22/12,865.15
3/23/12,865.02
3/26/12,865.8
3/27/12,866.63
3/28/12,866.56
3/29/12,865.62
3/30/12,866.02
3/31/12,866.03
4/2/12,866.6
4/3/12,866.93
4/4/12,866.25
4/5/12,865.83
4/6/12,
4/9/12,864.08
4/10/12,862.6
4/11/12,862.04
4/12/12,863.63
4/13/12,864.32
4/16/12,864.83
4/17/12,866.34
4/18/12,866.69
4/19/12,867.11
4/20/12,867.57
4/23/12,867.3
4/24/12,868.68
4/25/12,870.84
4/26/12,871.53
4/27/12,873.4
4/30/12,874.88
5/1/12,877.03
5/2/12,877.68
5/3/12,878.82
5/4/12,879.48
5/7/12,879.62
5/8/12,879.58
5/9/12,878.48
5/10/12,879.28
5/11/12,879.31
5/14/12,877.55
5/15/12,876.5
5/16/12,874.1
5/17/12,868.46
5/18/12,865.68
5/21/12,862.93
5/22/12,864.85
5/23/12,863.12
5/24/12,863.17
5/25/12,863.57
5/28/12,864.13
5/29/12,865.65
5/30/12,864.68
5/31/12,864.32
6/1/12,860.25
6/4/12,858.7
6/5/12,856.67
6/6/12,860.2
6/7/12,864.01
6/8/12,864.58
6/11/12,866.3
6/12/12,865.07
6/13/12,866.06
6/14/12,866.65
6/15/12,867.99
6/18/12,869.4
6/19/12,873.24
6/20/12,875.76
6/21/12,877.01
6/22/12,876.56
6/25/12,875.9
6/26/12,876.37
6/27/12,877.66
6/28/12,878.58
6/29/12,881.7
6/30/12,881.89
7/2/12,883.83
7/3/12,885.03
7/4/12,885.23
7/5/12,885.99
7/6/12,886.56
7/9/12,887.13
7/10/12,888.28
7/11/12,889.01
7/12/12,888.21
7/13/12,888.35
7/16/12,889.06
7/17/12,889.63
7/18/12,891.14
7/19/12,893
7/20/12,893.27
7/23/12,891.83
7/24/12,891.81
7/25/12,891.48
7/26/12,892.76
7/27/12,894.23
7/30/12,896.73
7/31/12,898.79
8/1/12,899.86
8/2/12,900.05
8/3/12,901.44
8/6/12,903.19
8/7/12,904.38
8/8/12,904.65
8/9/12,904.55
8/10/12,903.78
8/13/12,904.22
8/14/12,903.87
8/15/12,903.11
8/16/12,902.75
8/17/12,903.22
8/20/12,904.28
8/21/12,905.6
8/22/12,906.43
8/23/12,907.03
8/24/12,907.16
8/27/12,908.09
8/28/12,908.36
8/29/12,908.89
8/30/12,909.19
8/31/12,909.63
9/3/12,910.21
9/4/12,910.66
9/5/12,911.37
9/6/12,913.26
9/7/12,916.38
9/10/12,918.05
9/11/12,919.57
9/12/12,922.53
9/13/12,923.81
9/14/12,927.49
9/17/12,928.29
9/18/12,928.91
9/19/12,929.16
9/20/12,928.21
9/21/12,927.8
9/24/12,926.69
9/25/12,925.42
9/26/12,920.28
9/27/12,921.94
9/28/12,922.2
9/30/12,922.59
10/1/12,923.77
10/2/12,923.98
10/3/12,924.41
10/4/12,925.66
10/5/12,926.76
10/8/12,927.34
10/9/12,926.89
10/10/12,926.16
10/11/12,928.07
10/12/12,928.35
10/15/12,930.12
10/16/12,931.63
10/17/12,933.57
10/18/12,934.44
10/19/12,933.96
10/22/12,934.11
10/23/12,931.66
10/24/12,931.97
10/25/12,932.15
10/26/12,930.89
10/29/12,930.49
10/30/12,
10/31/12,930.2
11/1/12,931.32
11/2/12,932.18
11/5/12,932.78
11/6/12,933.86
11/7/12,932.98
11/8/12,932.49
11/9/12,929.94
11/12/12,930.53
11/13/12,928.9
11/14/12,927.95
11/15/12,924.21
11/16/12,923.36
11/19/12,926.19
11/20/12,927.65
11/21/12,928.66
11/22/12,928.85
11/23/12,929.33
11/26/12,931.07
11/27/12,932.68
11/28/12,933.18
11/29/12,935.65
11/30/12,937.1
12/3/12,938.68
12/4/12,939.96
12/5/12,942.94
12/6/12,944.27
12/7/12,945.64
12/10/12,946.68
12/11/12,948.36
12/12/12,949.67
12/13/12,950.07
12/14/12,949.94
12/17/12,950.36
12/18/12,950.98
12/19/12,951.72
12/20/12,952.01
12/21/12,950.99
12/24/12,951.37
12/25/12,
12/26/12,951.91
12/27/12,951.98
12/28/12,951.84
12/31/12,951.96
1/1/13,
1/2/13,955.93
1/3/13,957.95
1/4/13,958.67
1/7/13,960.26
1/8/13,961.13
1/9/13,962.62
1/10/13,963.63
1/11/13,964.42
1/14/13,965.01
1/15/13,964.35
1/16/13,964.6
1/17/13,965.79
1/18/13,966.62
1/21/13,967.2
1/22/13,967.81
1/23/13,969.16
1/24/13,970.05
1/25/13,970.72
1/28/13,970.91
1/29/13,969.24
1/30/13,967.52
1/31/13,965.06
2/1/13,965.48
2/4/13,964.37
2/5/13,963.38
2/6/13,963.27
2/7/13,962.22
2/8/13,961.81
2/11/13,962.31
2/12/13,962.52
2/13/13,963.99
2/14/13,964.49
2/15/13,964.99
2/18/13,965.57
2/19/13,965.98
2/20/13,966.6
2/21/13,965.58
2/22/13,966.24
2/25/13,967.9
2/26/13,967.1
2/27/13,968.11
2/28/13,969.53
3/1/13,969.66
3/4/13,970.45
3/5/13,971.93
3/6/13,972.76
3/7/13,973.41
3/8/13,973.74
3/11/13,974.51
3/12/13,975.25
3/13/13,975.62
3/14/13,976.47
3/15/13,977.3
3/18/13,977.21
3/19/13,977.61
3/20/13,978
3/21/13,978.13
3/22/13,978.11
3/25/13,978.83
3/26/13,978.94
3/27/13,978.81
3/28/13,979.1
3/29/13,
3/31/13,979.52
4/1/13,980.02
4/2/13,980.71
4/3/13,981.13
4/4/13,981.42
4/5/13,980.66
4/8/13,981.49
4/9/13,982.52
4/10/13,984.42
4/11/13,986.57
4/12/13,987.28
4/15/13,986.34
4/16/13,986.39
4/17/13,985.83
4/18/13,986
4/19/13,986.3
4/22/13,987.49
4/23/13,989.22
4/24/13,990.79
4/25/13,992.53
4/26/13,993.65
4/29/13,995.88
4/30/13,997.71
5/1/13,1000.04
5/2/13,1001.55
5/3/13,1003.61
5/6/13,1004.7
5/7/13,1006.89
5/8/13,1007.18
5/9/13,1007.51
5/10/13,1006.2
5/13/13,1003.92
5/14/13,1003.1
5/15/13,1002.69
5/16/13,1002.81
5/17/13,1002.8
5/20/13,1003.86
5/21/13,1004.13
5/22/13,1004.18
5/23/13,1000.46
5/24/13,999.85
5/27/13,1000.43
5/28/13,999.75
5/29/13,994.55
5/30/13,994.34
5/31/13,992.41
6/3/13,988.88
6/4/13,987.45
6/5/13,980.64
6/6/13,979.56
6/7/13,984.45
6/10/13,983.97
6/11/13,977.17
6/12/13,978.22
6/13/13,976.45
6/14/13,979.75
6/17/13,981.93
6/18/13,982.16
6/19/13,981.84
6/20/13,969.27
6/21/13,967.01
6/24/13,956.93
6/25/13,955.62
6/26/13,959.19
6/27/13,963.83
6/28/13,965.87
6/30/13,966.25
7/1/13,967.6
7/2/13,968.52
7/3/13,967.85
7/4/13,968.04
7/5/13,965.81
7/8/13,965.46
7/9/13,968.12
7/10/13,969.63
7/11/13,975.51
7/12/13,978.05
7/15/13,980.55
7/16/13,983.02
7/17/13,985.64
7/18/13,989.01
7/19/13,990.58
7/22/13,992.03
7/23/13,992.56
7/24/13,989.32
7/25/13,985.62
7/26/13,984.95
7/29/13,985.29
7/30/13,985.56
7/31/13,984.42
8/1/13,984.13
8/2/13,983.05
8/5/13,983.02
8/6/13,982.1
8/7/13,981.03
8/8/13,981.82
8/9/13,982.09
8/12/13,982.39
8/13/13,981.77
8/14/13,981.78
8/15/13,979.28
8/16/13,978.87
8/19/13,977.28
8/20/13,976.05
8/21/13,975.33
8/22/13,974.58
8/23/13,975.56
8/26/13,976.73
8/27/13,976.73
8/28/13,976.64
8/29/13,977.48
8/30/13,
9/2/13,978.71
9/3/13,979.63
9/4/13,979.16
9/5/13,977.64
9/6/13,978.12
9/9/13,979.42
9/10/13,979.59
9/11/13,980.38
9/12/13,981.84
9/13/13,982.36
9/16/13,985.5
9/17/13,985.71
9/18/13,987.39
9/19/13,992.12
9/20/13,992.24
9/23/13,991.52
9/24/13,991.38
9/25/13,990.69
9/26/13,990.48
9/27/13,989.44
9/30/13,988.02
10/1/13,988.78
10/2/13,989.8
10/3/13,991.3
10/4/13,992.3
10/7/13,993.06
10/8/13,993.36
10/9/13,993.19
10/10/13,994.65
10/11/13,995.39
10/14/13,995.98
10/15/13,997.01
10/16/13,998.54
10/17/13,1001.75
10/18/13,1004.46
10/21/13,1006.35
10/22/13,1007.78
10/23/13,1008.49
10/24/13,1009.55
10/25/13,1009.78
10/28/13,1010.85
10/29/13,1011.28
10/30/13,1012.21
10/31/13,1012.31
11/1/13,1012.39
11/4/13,1012.51
11/5/13,1011.53
11/6/13,1011.75
11/7/13,1012.58
11/8/13,1009.2
11/11/13,1009.79
11/12/13,1008.74
11/13/13,1007.83
11/14/13,1009.54
11/15/13,1010.47
11/18/13,1012.45
11/19/13,1012.87
11/20/13,1013.15
11/21/13,1012.16
11/22/13,1013.2
11/25/13,1014.95
11/26/13,1015.69
11/27/13,1016.31
11/28/13,1016.51
11/29/13,1016.75
11/30/13,1017.01
12/2/13,1017.17
12/3/13,1017.23
12/4/13,1016.68
12/5/13,1016.8
12/6/13,1017.29
12/9/13,1018.46
12/10/13,1019.22
12/11/13,1019.47
12/12/13,1018.71
12/13/13,1018.36
12/16/13,1019.01
12/17/13,1018.83
12/18/13,1018.74
12/19/13,1019.44
12/20/13,1020.04
12/23/13,1020.88
12/24/13,1020.98
12/25/13,
12/26/13,1021.22
12/27/13,1021.28
12/30/13,1022.13
12/31/13,1022.59
1/1/14,
1/2/14,1023.78
1/3/14,1024.33
1/6/14,1025.96
1/7/14,1027.68
1/8/14,1027.96
1/9/14,1028.21
1/10/14,1029.36
1/13/14,1030.56
1/14/14,1030.92
1/15/14,1031.95
1/16/14,1032.71
1/17/14,1033.41
1/20/14,1034
1/21/14,1034.41
1/22/14,1034.7
1/23/14,1033.95
1/24/14,1030.48
1/27/14,1029.71
1/28/14,1030.17
1/29/14,1029.81
1/30/14,1030.61
1/31/14,1030.15
2/3/14,1030.09
2/4/14,1028.9
2/5/14,1029.28
2/6/14,1030.87
2/7/14,1032.7
2/10/14,1034.24
2/11/14,1036.08
2/12/14,1037.33
2/13/14,1037.61
2/14/14,1038.35
2/17/14,1038.95
2/18/14,1040.54
2/19/14,1041.97
2/20/14,1042.55
2/21/14,1043.75
2/24/14,1045.48
2/25/14,1047.13
2/26/14,1048.31
2/27/14,1049.46
2/28/14,1050.8
3/3/14,1050.38
3/4/14,1051.11
3/5/14,1051.34
3/6/14,1050.8
3/7/14,1048.87
3/10/14,1048.51
3/11/14,1048.89
3/12/14,1048.22
3/13/14,1048.6
3/14/14,1047.2
3/17/14,1048.17
3/18/14,1049.7
3/19/14,1050.52
3/20/14,1048.86
3/21/14,1049.94
3/24/14,1050.71
3/25/14,1051.04
3/26/14,1051.9
3/27/14,1051.77
3/28/14,1052.17
3/31/14,1053.23
4/1/14,1054.03
4/2/14,1054.19
4/3/14,1054.56
4/4/14,1055.69
4/7/14,1055.73
4/8/14,1055.71
4/9/14,1056.31
4/10/14,1057.35
4/11/14,1055.94
4/14/14,1056.59
4/15/14,1056.81
4/16/14,1057.01
4/17/14,1056.83
4/18/14,
4/21/14,1057.47
4/22/14,1057.85
4/23/14,1058.33
4/24/14,1058.93
4/25/14,1058.84
4/28/14,1059.2
4/29/14,1059.63
4/30/14,1060.53
5/1/14,1061.01
5/2/14,1061.48
5/5/14,1061.9
5/6/14,1062.64
5/7/14,1063.16
5/8/14,1064.17
5/9/14,1064.48
5/12/14,1065.48
5/13/14,1066.35
5/14/14,1067.15
5/15/14,1066.72
5/16/14,1066.84
5/19/14,1067.52
5/20/14,1068.02
5/21/14,1067.62
5/22/14,1067.42
5/23/14,1067.42
5/26/14,1068.01
5/27/14,1068.6
5/28/14,1069.3
5/29/14,1070.06
5/30/14,1071.08
5/31/14,1071.2
6/2/14,1071.8
6/3/14,1071.46
6/4/14,1071.54
6/5/14,1072.48
6/6/14,1074.07
6/9/14,1075.37
6/10/14,1076.02
6/11/14,1076.05
6/12/14,1076.4
6/13/14,1076.56
6/16/14,1077.35
6/17/14,1077.68
6/18/14,1077.85
6/19/14,1079.34
6/20/14,1080.27
6/23/14,1081.04
6/24/14,1081.15
6/25/14,1080.34
6/26/14,1080.27
6/27/14,1080.18
6/30/14,1080.26
7/1/14,1080.59
7/2/14,1080.62
7/3/14,1080.65
7/4/14,1080.85
7/7/14,1081.39
7/8/14,1081.11
7/9/14,1080.77
7/10/14,1078.55
7/11/14,1078.86
7/14/14,1079.47
7/15/14,1078.25
7/16/14,1077.26
7/17/14,1075.28
7/18/14,1073.5
7/21/14,1073.07
7/22/14,1074.22
7/23/14,1075.44
7/24/14,1075.92
7/25/14,1075.51
7/28/14,1075.42
7/29/14,1074.37
7/30/14,1072.58
7/31/14,1065.97
8/1/14,1060.25
8/4/14,1061.46
8/5/14,1064.25
8/6/14,1063.07
8/7/14,1065.11
8/8/14,1064.83
8/11/14,1068.2
8/12/14,1069.74
8/13/14,1072.54
8/14/14,1074.85
8/15/14,1076.09
8/18/14,1077.88
8/19/14,1079.08
8/20/14,1079.68
8/21/14,1080.08
8/22/14,1080.18
8/25/14,1080.97
8/26/14,1081.42
8/27/14,1081.67
8/28/14,1081.81
8/29/14,1081.98
8/31/14,1082.17
9/1/14,1082.37
9/2/14,1081.96
9/3/14,1081.09
9/4/14,1079.53
9/5/14,1077.24
9/8/14,1077.51
9/9/14,1075.87
9/10/14,1072.47
9/11/14,1071.06
9/12/14,1070.41
9/15/14,1069.98
9/16/14,1068.85
9/17/14,1069.98
9/18/14,1071.8
9/19/14,1072.69
9/22/14,1071.97
9/23/14,1069.23
9/24/14,1066.49
9/25/14,1062.42
9/26/14,1058.23
9/29/14,1055.49
9/30/14,1059.47
10/1/14,1061.15
10/2/14,1061.49
10/3/14,1065.12
10/6/14,1068.18
10/7/14,1066.52
10/8/14,1063.89
10/9/14,1061.95
10/10/14,1056.83
10/13/14,1057.43
10/14/14,1053.96
10/15/14,1048.14
10/16/14,1049.56
10/17/14,1060.75
10/20/14,1062
10/21/14,1068.52
10/22/14,1069.88
10/23/14,1070.69
10/24/14,1070.75
10/27/14,1070.37
10/28/14,1070.57
10/29/14,1070.78
10/30/14,1070.36
10/31/14,1071.53
11/3/14,1071.84
11/4/14,1069.24
11/5/14,1070.08
11/6/14,1069.87
11/7/14,1070
11/10/14,1070.28
11/11/14,1070.48
11/12/14,1070.3
11/13/14,1069.44
11/14/14,1067.13
11/17/14,1065.53
11/18/14,1063.25
11/19/14,1060.66
11/20/14,1059.75
11/21/14,1063.23
11/24/14,1064.29
11/25/14,1065.25
11/26/14,1065.7
11/27/14,1065.9
11/28/14,1063.47
11/30/14,1063.87
12/1/14,1056.53
12/2/14,1054.12
12/3/14,1054.33
12/4/14,1054.47
12/5/14,1053.3
12/8/14,1050.63
12/9/14,1044.29
12/10/14,1040.13
12/11/14,1037.58
12/12/14,1031.24
12/15/14,1026.31
12/16/14,1019.95
12/17/14,1026.52
12/18/14,1038.87
12/19/14,1042.13
12/22/14,1044.92
12/23/14,1046.35
12/24/14,1046.75
12/25/14,
12/26/14,1047.13
12/29/14,1048.11
12/30/14,1048.18
12/31/14,1048.18
1/1/15,
1/2/15,1048.41
1/5/15,1045.61
1/6/15,1042
1/7/15,1045.07
1/8/15,1049.32
1/9/15,1050.63
1/12/15,1050.22
1/13/15,1050.25
1/14/15,1047.41
1/15/15,1048.43
1/16/15,
1/19/15,1048.11
1/20/15,1048.39
1/21/15,1048.45
1/22/15,1050.32
1/23/15,1051.79
1/26/15,1052.89
1/27/15,1052.9
1/28/15,1055.13
1/29/15,1055.22
1/30/15,1055.4
1/31/15,1055.41
2/2/15,1055.76
2/3/15,1058.95
2/4/15,1060.33
2/5/15,1062.66
2/6/15,1065.57
2/9/15,1065.68
2/10/15,1066.1
2/11/15,1066.11
2/12/15,1067.26
2/13/15,1068.17
2/16/15,1068.76
2/17/15,1069.57
2/18/15,1071.01
2/19/15,1071.16
2/20/15,1072.18
2/23/15,1073.43
2/24/15,1075.41
2/25/15,1077.1
2/26/15,1079.32
2/27/15,1080
2/28/15,1080.59
3/2/15,1080.94
3/3/15,1079.8
3/4/15,1078.02
3/5/15,1078.23
3/6/15,1075.56
3/9/15,1074.46
3/10/15,1070.7
3/11/15,1071.94
3/12/15,1072.71
3/13/15,1069.63
3/16/15,1068.4
3/17/15,1066.01
3/18/15,1065.84
3/19/15,1068.97
3/20/15,1070.11
3/23/15,1071.08
3/24/15,1072.27
3/25/15,1073.24
3/26/15,1072.3
3/27/15,1073.1
3/30/15,1074.49
3/31/15,1074.85
4/1/15,1075.08
4/2/15,1075.71
4/3/15,
4/6/15,1077.96
4/7/15,1080.86
4/8/15,1082.92
4/9/15,1082.97
4/10/15,1083.93
4/13/15,1085.17
4/14/15,1085.05
4/15/15,1086.97
4/16/15,1087.39
4/17/15,1086.39
4/20/15,1087.55
4/21/15,1088.19
4/22/15,1087.95
4/23/15,1088.05
4/24/15,1089.03
4/27/15,1089.61
4/28/15,1089.17
4/29/15,1087.68
4/30/15,1087.74
5/1/15,1087.92
5/4/15,1088.99
5/5/15,1088.85
5/6/15,1086.94
5/7/15,1086.18
5/8/15,1088.77
5/11/15,1088.84
5/12/15,1085.4
5/13/15,1087.28
5/14/15,1087.79
5/15/15,1089.17
5/18/15,1088.91
5/19/15,1088.26
5/20/15,1087.62
5/21/15,1088.93
5/22/15,1089.03
5/25/15,
5/26/15,1089.8
5/27/15,1090.31
5/28/15,1090.37
5/29/15,1090.76
5/31/15,1090.96
6/1/15,1090.63
6/2/15,1089.63
6/3/15,1087.95
6/4/15,1085.99
6/5/15,1082.7
6/8/15,1081.99
6/9/15,1079.25
6/10/15,1079.77
6/11/15,1081.59
6/12/15,1080.61
6/15/15,1078.28
6/16/15,1077.1
6/17/15,1078.52
6/18/15,1079.62
6/19/15,1081.27
6/22/15,1082.77
6/23/15,1082.13
6/24/15,1081.53
6/25/15,1080.6
6/26/15,1078.6
6/29/15,1073.85
6/30/15,1074.32
7/1/15,1076.56
7/2/15,1077.06
7/3/15,1077.26
7/6/15,1074.38
7/7/15,1072.42
7/8/15,1071
7/9/15,1071.93
7/10/15,1073.18
7/13/15,1074.78
7/14/15,1075.23
7/15/15,1076.48
7/16/15,1076.47
7/17/15,1073.89
7/20/15,1072.51
7/21/15,1069.5
7/22/15,1065.19
7/23/15,1064.44
7/24/15,1063.05
7/27/15,1059.01
7/28/15,1060.47
7/29/15,1064.76
7/30/15,1067.63
7/31/15,1067.71
8/3/15,1066.7
8/4/15,1066.23
8/5/15,1066
8/6/15,1062.76
8/7/15,1059.15
8/10/15,1058.73
8/11/15,1054.53
8/12/15,1050.85
8/13/15,1053.1
8/14/15,1052.84
8/17/15,1052.93
8/18/15,1052.25
8/19/15,1050.12
8/20/15,1047.86
8/21/15,1044.8
8/24/15,1036.28
8/25/15,1041.75
8/26/15,1041
8/27/15,1045.85
8/28/15,1047.68
8/31/15,1048.9
9/1/15,1047.63
9/2/15,1048.47
9/3/15,1051.01
9/4/15,1050.57
9/7/15,1051.18
9/8/15,1053.43
9/9/15,1055.98
9/10/15,1055.47
9/11/15,1055.36
9/14/15,1055.17
9/15/15,1054.43
9/16/15,1051.53
9/17/15,1051.03
9/18/15,1049.6
9/21/15,1048.72
9/22/15,1042.69
9/23/15,1042.16
9/24/15,1036.3
9/25/15,1034.43
9/28/15,1023.75
9/29/15,1020.18
9/30/15,1021.69
10/1/15,1019.63
10/2/15,1016.02
10/5/15,1023.25
10/6/15,1028.28
10/7/15,1036.23
10/8/15,1037.74
10/9/15,1043.47
10/12/15,1044.09
10/13/15,1042.23
10/14/15,1041.45
10/15/15,1041.28
10/16/15,1044.18
10/19/15,1045.32
10/20/15,1047.79
10/21/15,1048.43
10/22/15,1047.53
10/23/15,1050.47
10/26/15,1050.35
10/27/15,1048.69
10/28/15,1049.48
10/29/15,1049.61
10/30/15,1049.54
10/31/15,1049.54
11/2/15,1051.26
11/3/15,1052.84
11/4/15,1052.82
11/5/15,1049.93
11/6/15,1045.83
11/9/15,1041.89
11/10/15,1039.54
11/11/15,1039.74
11/12/15,1034.69
11/13/15,1031.2
11/16/15,1029.16
11/17/15,1032.81
11/18/15,1031.74
11/19/15,1028.07
11/20/15,1025.67
11/23/15,1024.92
11/24/15,1023.02
11/25/15,1024.11
11/26/15,1024.3
11/27/15,1024.3
11/30/15,1025.98
12/1/15,1028.38
12/2/15,1029.74
12/3/15,1026
12/4/15,1023.54
12/7/15,1019.46
12/8/15,1012.64
12/9/15,1011.69
12/10/15,1010.13
12/11/15,999.22
12/14/15,985.74
12/15/15,993.76
12/16/15,996.75
12/17/15,996.35
12/18/15,989.46
12/21/15,989.03
12/22/15,991.02
12/23/15,994.75
12/24/15,995.55
12/25/15,
12/28/15,996.33
12/29/15,998.64
12/30/15,999.08
12/31/15,999.52
1/1/16,
1/4/16,996.27
1/5/16,999.48
1/6/16,999.47
1/7/16,995.7
1/8/16,996.79
1/11/16,994.12
1/12/16,992.33
1/13/16,988.23
1/14/16,982.62
1/15/16,971.66
1/18/16,972.28
1/19/16,972.36
1/20/16,958.59
1/21/16,963.26
1/22/16,972.74
1/25/16,974.93
1/26/16,976.16
1/27/16,977.87
1/28/16,980.28
1/29/16,983.5
1/31/16,983.71
2/1/16,981.84
2/2/16,976.9
2/3/16,974.7
2/4/16,975.8
2/5/16,972.65
2/8/16,960.75
2/9/16,955.89
2/10/16,958.85
2/11/16,948.12
2/12/16,953.44
2/15/16,954.08
2/16/16,958.72
2/17/16,966.3
2/18/16,970.35
2/19/16,967.92
2/22/16,972.82
2/23/16,972.83
2/24/16,970.25
2/25/16,975.73
2/26/16,982.65
2/29/16,988.28
3/1/16,996.56
3/2/16,1002.74
3/3/16,1005.98
3/4/16,1013
3/7/16,1016.26
3/8/16,1015.32
3/9/16,1013.5
3/10/16,1016.81
3/11/16,1024.68
3/14/16,1027.39
3/15/16,1024.15
3/16/16,1022.89
3/17/16,1029.42
3/18/16,1035.49
3/21/16,1037.17
3/22/16,1036
3/23/16,1034.5
3/24/16,1028.35
3/25/16,
3/28/16,1027.48
3/29/16,1024.35
3/30/16,1029.36
3/31/16,1031.97
4/1/16,1031.84
4/4/16,1033.67
4/5/16,1031.06
4/6/16,1034.47
4/7/16,1033.81
4/8/16,1036.63
4/11/16,1038.94
4/12/16,1042.69
4/13/16,1049.91
4/14/16,1052.77
4/15/16,1053
4/18/16,1053.1
4/19/16,1059.78
4/20/16,1064.32
4/21/16,1065.13
4/22/16,1064.87
4/25/16,1063.94
4/26/16,1065.58
4/27/16,1068.68
4/28/16,1073.39
4/29/16,1072.96
4/30/16,1073.2
5/2/16,1073.46
5/3/16,1069.68
5/4/16,1067.39
5/5/16,1067.14
5/6/16,1063.64
5/9/16,1063.42
5/10/16,1065.79
5/11/16,1068.84
5/12/16,1069.38
5/13/16,1068.56
5/16/16,1071.02
5/17/16,1072.44
5/18/16,1072.24
5/19/16,1067.96
5/20/16,1071.09
5/23/16,1072.23
5/24/16,1074.98
5/25/16,1078.02
5/26/16,1079.42
5/27/16,1079.58
5/30/16,1080.18
5/31/16,1080.95
6/1/16,1078.8
6/2/16,1080.07
6/3/16,1081.37
6/6/16,1085.45
6/7/16,1089.43
6/8/16,1093.8
6/9/16,1093.69
6/10/16,1090.82
6/13/16,1088.44
6/14/16,1082.66
6/15/16,1084.39
6/16/16,1079.69
6/17/16,1082.92
6/20/16,1090.47
6/21/16,1090.08
6/22/16,1092.7
6/23/16,1096.35
6/24/16,1084.37
6/27/16,1078.12
6/28/16,1081.06
6/29/16,1089.28
6/30/16,1092.66
7/1/16,1096.84
7/4/16,1097.46
7/5/16,1098.19
7/6/16,1098.14
7/7/16,1102.77
7/8/16,1108.32
7/11/16,1115.46
7/12/16,1121.69
7/13/16,1118.94
7/14/16,1121.68
7/15/16,1121.39
7/18/16,1121.63
7/19/16,1121.9
7/20/16,1123.34
7/21/16,1124.41
7/22/16,1124.66
7/25/16,1124.91
7/26/16,1122.7
7/27/16,1122.2
7/28/16,1121.03
7/29/16,1120.05
7/31/16,1120.26
8/1/16,1119.73
8/2/16,1117.51
8/3/16,1118.14
8/4/16,1122.52
8/5/16,1126.16
8/8/16,1129.03
8/9/16,1132.99
8/10/16,1133.83
8/11/16,1134.28
8/12/16,1135.34
8/15/16,1137.82
8/16/16,1139.49
8/17/16,1139.79
8/18/16,1140.97
8/19/16,1141.13
8/22/16,1141.53
8/23/16,1143.33
8/24/16,1143.74
8/25/16,1143.46
8/26/16,1144.11
8/29/16,1144.87
8/30/16,1145.96
8/31/16,1145.22
9/1/16,1144.54
9/2/16,1145.37
9/5/16,1145.99
9/6/16,1147.75
9/7/16,1148.76
9/8/16,1149.36
9/9/16,1144.93
9/12/16,1142.51
9/13/16,1138.97
9/14/16,1138.65
9/15/16,1138.88
9/16/16,1137.61
9/19/16,1139.09
9/20/16,1139.65
9/21/16,1141.31
9/22/16,1147.63
9/23/16,1147.87
9/26/16,1146.9
9/27/16,1146.53
9/28/16,1148.34
9/29/16,1150.94
9/30/16,1152.62
10/3/16,1153.9
10/4/16,1155.21
10/5/16,1156.72
10/6/16,1157.39
10/7/16,1157.75
10/10/16,1158.37
10/11/16,1158.3
10/12/16,1157.88
10/13/16,1156.61
10/14/16,1158.65
10/17/16,1159.33
10/18/16,1161.86
10/19/16,1164.43
10/20/16,1165.9
10/21/16,1165.76
10/24/16,1167.06
10/25/16,1167.12
10/26/16,1164.36
10/27/16,1162.04
10/28/16,1159.68
10/31/16,1156.23
11/1/16,1151.57
11/2/16,1147.74
11/3/16,1147.79
11/4/16,1146.56
11/7/16,1152.73
11/8/16,1152.31
11/9/16,1149.26
11/10/16,1146.02
11/11/16,1146.23
11/14/16,1135.52
11/15/16,1141.49
11/16/16,1142
11/17/16,1143.93
11/18/16,1142.25
11/21/16,1144.44
11/22/16,1148.27
11/23/16,1148.58
11/24/16,1148.78
11/25/16,1148.91
11/28/16,1150.54
11/29/16,1149.87
11/30/16,1151.67
12/1/16,1151.78
12/2/16,1152.54
12/5/16,1155.24
12/6/16,1158.84
12/7/16,1163.63
12/8/16,1165.36
12/9/16,1167.4
12/12/16,1169.31
12/13/16,1170.96
12/14/16,1170.96
12/15/16,1166.26
12/16/16,1165.84
12/19/16,1167.06
12/20/16,1167.69
12/21/16,1168.89
12/22/16,1169.79
12/23/16,1170.8
12/26/16,
12/27/16,1172.39
12/28/16,1173.15
12/29/16,1173.81
12/30/16,1174.31
12/31/16,1174.32
1/2/17,
1/3/17,1177.47
1/4/17,1181.77
1/5/17,1184.47
1/6/17,1185.21
1/9/17,1185.75
1/10/17,1187.02
1/11/17,1186.43
1/12/17,1186.11
1/13/17,1186.93
1/16/17,1187.56
1/17/17,1187.54
1/18/17,1187.07
1/19/17,1185.96
1/20/17,1185.29
1/23/17,1185.17
1/24/17,1186.44
1/25/17,1189.11
1/26/17,1190.13
1/27/17,1191.12
1/30/17,1190.47
1/31/17,1190.09
2/1/17,1191.5
2/2/17,1192.62
2/3/17,1195.37
2/6/17,1196.46
2/7/17,1196.82
2/8/17,1195.56
2/9/17,1195.67
2/10/17,1196.58
2/13/17,1198.03
2/14/17,1198.62
2/15/17,1199.26
2/16/17,1199.26
2/17/17,1198.94
2/20/17,1199.57
2/21/17,1202.01
2/22/17,1203.71
2/23/17,1205.6
2/24/17,1205.73
2/27/17,1207.58
2/28/17,1208.66
3/1/17,1211.78
3/2/17,1211.21
3/3/17,1209.55
3/6/17,1207.4
3/7/17,1203.76
3/8/17,1199.64
3/9/17,1194.14
3/10/17,1194.75
3/13/17,1192.13
3/14/17,1187.24
3/15/17,1192.01
3/16/17,1197.61
3/17/17,1197.43
3/20/17,1196.51
3/21/17,1194.7
3/22/17,1190.98
3/23/17,1192.88
3/24/17,1194.95
3/27/17,1193.93
3/28/17,1197.18
3/29/17,1201.55
3/30/17,1205.04
3/31/17,1206.12
4/3/17,1206.45
4/4/17,1206.31
4/5/17,1208.76
4/6/17,1208.66
4/7/17,1209.6
4/10/17,1210.69
4/11/17,1210.24
4/12/17,1209.6
4/13/17,1209.4
4/14/17,
4/17/17,1209.58
4/18/17,1209.1
4/19/17,1210.55
4/20/17,1210.81
4/21/17,1211.6
4/24/17,1214.69
4/25/17,1216.4
4/26/17,1217.88
4/27/17,1218.02
4/28/17,1219.37
4/30/17,1219.79
5/1/17,1219.94
5/2/17,1221.05
5/3/17,1221.14
5/4/17,1218.3
5/5/17,1217.61
5/8/17,1218.31
5/9/17,1219.54
5/10/17,1220.51
5/11/17,1221.41
5/12/17,1221.89
5/15/17,1223.95
5/16/17,1224.94
5/17/17,1223.55
5/18/17,1222.35
5/19/17,1225.28
5/22/17,1227.07
5/23/17,1228.22
5/24/17,1228.78
5/25/17,1229.54
5/26/17,1229.33
5/29/17,1229.97
5/30/17,1230.63
5/31/17,1230.68
6/1/17,1232.08
6/2/17,1233.33
6/5/17,1233.9
6/6/17,1233.78
6/7/17,1232.6
6/8/17,1231.39
6/9/17,1232.19
6/12/17,1233.16
6/13/17,1234.59
6/14/17,1235.07
6/15/17,1233.45
6/16/17,1232.55
6/19/17,1233.71
6/20/17,1230.95
6/21/17,1227.98
6/22/17,1227.47
6/23/17,1228.34
6/26/17,1230.21
6/27/17,1231.16
6/28/17,1231.48
6/29/17,1231.57
6/30/17,1231.98
7/3/17,1232.82
7/4/17,1233.03
7/5/17,1232.92
7/6/17,1231.01
7/7/17,1228.54
7/10/17,1229.31
7/11/17,1229.64
7/12/17,1232.88
7/13/17,1233.81
7/14/17,1236.02
7/17/17,1238.72
7/18/17,1240.16
7/19/17,1242.12
7/20/17,1243.66
7/21/17,1243.37
7/24/17,1243.88
7/25/17,1244.88
7/26/17,1246.15
7/27/17,1246.06
7/28/17,1246.24
7/31/17,1246.19
8/1/17,1247.44
8/2/17,1247.52
8/3/17,1246.96
8/4/17,1246.56
8/7/17,1246.79
8/8/17,1245.96
8/9/17,1241.46
8/10/17,1237.87
8/11/17,1236.76
8/14/17,1239.41
8/15/17,1239.04
8/16/17,1240.06
8/17/17,1238.89
8/18/17,1237.21
8/21/17,1237.67
8/22/17,1238.57
8/23/17,1239.03
8/24/17,1240.3
8/25/17,1241.47
8/28/17,1242.75
8/29/17,1242.51
8/30/17,1243.62
8/31/17,1245.87
9/1/17,1246.5
9/4/17,1247.15
9/5/17,1247.19
9/6/17,1248.57
9/7/17,1248.8
9/8/17,1247.9
9/11/17,1249.03
9/12/17,1249.49
9/13/17,1249.66
9/14/17,1250.53
9/15/17,1250.58
9/18/17,1251.98
9/19/17,1252.66
9/20/17,1253.59
9/21/17,1253.15
9/22/17,1253.34
9/25/17,1254.49
9/26/17,1255.52
9/27/17,1255.09
9/28/17,1255.98
9/29/17,1256.85
9/30/17,1257.06
10/2/17,1257.42
10/3/17,1257.8
10/4/17,1258.21
10/5/17,1259.06
10/6/17,1258.8
10/9/17,1259.45
10/10/17,1259.79
10/11/17,1260.02
10/12/17,1259.17
10/13/17,1259.05
10/16/17,1260
10/17/17,1261.08
10/18/17,1262.04
10/19/17,1262.12
10/20/17,1262.59
10/23/17,1263.95
10/24/17,1263.99
10/25/17,1261.68
10/26/17,1261.57
10/27/17,1260.92
10/30/17,1261.49
10/31/17,1261.91
11/1/17,1262.59
11/2/17,1261.91
11/3/17,1261.71
11/6/17,1261.67
11/7/17,1260.68
11/8/17,1256.43
11/9/17,1251.7
11/10/17,1251.64
11/13/17,1251.34
11/14/17,1248.33
11/15/17,1244.44
11/16/17,1251.5
11/17/17,1252.17
11/20/17,1253.56
11/21/17,1255.26
11/22/17,1256.43
11/23/17,1256.64
11/24/17,1256.98
11/27/17,1258.15
11/28/17,1257.37
11/29/17,1258.02
11/30/17,1258.53
12/1/17,1258.69
12/4/17,1260.25
12/5/17,1260.43
12/6/17,1259.2
12/7/17,1258.64
12/8/17,1259.09
12/11/17,1259.91
12/12/17,1260.92
12/13/17,1260.53
12/14/17,1259.77
12/15/17,1259.34
12/18/17,1259.59
12/19/17,1259.42
12/20/17,1259.12
12/21/17,1259.66
12/22/17,1259.71
12/25/17,
12/26/17,1260.24
12/27/17,1261.12
12/28/17,1262.01
12/29/17,1262.02
12/31/17,1262.2
1/1/18,
1/2/18,1263.88
1/3/18,1267.47
1/4/18,1270.99
1/5/18,1272.34
1/8/18,1273.07
1/9/18,1272.93
1/10/18,1269.79
1/11/18,1271.23
1/12/18,1271.48
1/15/18,1272.13
1/16/18,1272.77
1/17/18,1272.08
1/18/18,1270.71
1/19/18,1269.95
1/22/18,1270.75
1/23/18,1272.81
1/24/18,1273.36
1/25/18,1273.64
1/26/18,1274.02
1/29/18,1272.48
1/30/18,1268.73
1/31/18,1270.29
2/1/18,1268.84
2/2/18,1264.47
2/5/18,1261.66
2/6/18,1257.17
2/7/18,1261.24
2/8/18,1254.88
2/9/18,1246.45
2/12/18,1250.54
2/13/18,1247.17
2/14/18,1246.97
2/15/18,1253.04
2/16/18,1256.91
2/19/18,1257.56
2/20/18,1258.05
2/21/18,1257.69
2/22/18,1255.38
2/23/18,1254.86
2/26/18,1259.22
2/27/18,1258.76
2/28/18,1258.45
3/1/18,1255.92
3/2/18,1251.72
3/5/18,1254.03
3/6/18,1256.82
3/7/18,1255.19
3/8/18,1255.61
3/9/18,1256.54
3/12/18,1256.94
3/13/18,1256.13
3/14/18,1254.88
3/15/18,1253.72
3/16/18,1254.03
3/19/18,1252.3
3/20/18,1251.89
3/21/18,1252.37
3/22/18,1250.69
3/23/18,1249.38
3/26/18,1249.59
3/27/18,1250.95
3/28/18,1249.83
3/29/18,1250.45
3/30/18,
3/31/18,1250.68
4/2/18,1249.4
4/3/18,1249.79
4/4/18,1249.92
4/5/18,1254.35
4/6/18,1254.6
4/9/18,1256.04
4/10/18,1259.65
4/11/18,1260.63
4/12/18,1262.65
4/13/18,1264.99
4/16/18,1266.82
4/17/18,1269.03
4/18/18,1269.54
4/19/18,1264.76
4/20/18,1263.49
4/23/18,1261.37
4/24/18,1258.9
4/25/18,1255.11
4/26/18,1258.02
4/27/18,1258.76
4/30/18,1259
5/1/18,1257.31
5/2/18,1258.61
5/3/18,1257.43
5/4/18,1258.13
5/7/18,1259.82
5/8/18,1259.37
5/9/18,1259.86
5/10/18,1261.1
5/11/18,1261.62
5/14/18,1262.44
5/15/18,1260.13
5/16/18,1259.42
5/17/18,1259.52
5/18/18,1259.02
5/21/18,1259.28
5/22/18,1259.88
5/23/18,1258.68
5/24/18,1259.3
5/25/18,1258.79
5/28/18,1259.45
5/29/18,1256.44
5/30/18,1257.74
5/31/18,1258.81
6/1/18,1259.86
6/4/18,1261.47
6/5/18,1262.54
6/6/18,1263.55
6/7/18,1265.27
6/8/18,1265.04
6/11/18,1266.64
6/12/18,1267.75
6/13/18,1268.9
6/14/18,1270.38
6/15/18,1270.51
6/18/18,1270.52
6/19/18,1269.337
6/20/18,1270.68
6/21/18,1269.79
6/22/18,1269.77
6/25/18,1268.27
6/26/18,1267.39
6/27/18,1266.12
6/28/18,1261.92
6/29/18,1262.93
6/30/18,1263.15
7/2/18,1259.32
7/3/18,1260.97
7/4/18,1261.19
7/5/18,1261.99
7/6/18,1263.04
7/9/18,1266.25
7/10/18,1268.21
7/11/18,1266.87
7/12/18,1268.76
7/13/18,1269.6
7/16/18,1269.82
7/17/18,1270.11
7/18/18,1270.68
7/19/18,1270.42
7/20/18,1270.86
7/23/18,1271.6
7/24/18,1272.85
7/25/18,1273.18
7/26/18,1274.58
7/27/18,1275.22
7/30/18,1275.9
7/31/18,1277.27
8/1/18,1277.58
8/2/18,1278.13
8/3/18,1279.6
8/6/18,1280.74
8/7/18,1282.76
8/8/18,1282.52
8/9/18,1282.77
8/10/18,1280.86
8/13/18,1280.32
8/14/18,1280.64
8/15/18,1279.01
8/16/18,1280.71
8/17/18,1281.05
8/20/18,1282.32
8/21/18,1283.45
8/22/18,1284.76
8/23/18,1285.1
8/24/18,1285.65
8/27/18,1286.89
8/28/18,1287.13
8/29/18,1287.36
8/30/18,1286.85
8/31/18,1286.52
9/3/18,1287.2
9/4/18,1286.85
9/5/18,1285.74
9/6/18,1285.57
9/7/18,1284.81
9/10/18,1286.1
9/11/18,1286.77
9/12/18,1288.58
9/13/18,1290.33
9/14/18,1290.88
9/17/18,1291.42
9/18/18,1292.25
9/19/18,1291.76
9/20/18,1291.53
9/21/18,1291.74
9/24/18,1291.27
9/25/18,1291.1
9/26/18,1292.05
9/27/18,1293.03
9/28/18,1293.54
9/30/18,1293.99
10/1/18,1296.37
10/2/18,1297.01
10/3/18,1296.67
10/4/18,1290.08
10/5/18,1287.85
10/8/18,1288.53
10/9/18,1284.55
10/10/18,1279.93
10/11/18,1280.01
10/12/18,1282.09
10/15/18,1283.24
10/16/18,1285.46
10/17/18,1284.73
10/18/18,1282.18
10/19/18,1281.1
10/22/18,1281.09
10/23/18,1276.83
10/24/18,1277.61
10/25/18,1275.05
10/26/18,1271.82
10/29/18,1272.37
10/30/18,1269.41
10/31/18,1272.8
11/1/18,1273.61
11/2/18,1274.9
11/5/18,1275.62
11/6/18,1277.07
11/7/18,1280.7
11/8/18,1281.29
11/9/18,1276.2
11/12/18,1276.89
11/13/18,1270.93
11/14/18,1266.64
11/15/18,1261.25
11/16/18,1259.72
11/19/18,1258.17
11/20/18,1254.2
11/21/18,1257.77
11/22/18,1258
11/23/18,1256.13
11/26/18,1257.7
11/27/18,1255.35
11/28/18,1259.5
11/29/18,1261.15
11/30/18,1261.25
12/3/18,1267.3
12/4/18,1265
12/5/18,1265.24
12/6/18,1257.01
12/7/18,1259.74
12/10/18,1256.73
12/11/18,1259.03
12/12/18,1262.46
12/13/18,1263.06
12/14/18,1260.79
12/17/18,1257.69
12/18/18,1252.81
12/19/18,1248.99
12/20/18,1235.21
12/21/18,1230.73
12/24/18,1227.89
12/25/18,
12/26/18,1224.98
12/27/18,1227.13
12/28/18,1231.56
12/31/18,1233.61
1/1/19,
1/2/19,1234.57
1/3/19,1236.01
1/4/19,1249.58
1/7/19,1259.24
1/8/19,1265.77
1/9/19,1272.28
1/10/19,1271.92
1/11/19,1273.11
1/14/19,1270.99
1/15/19,1273.16
1/16/19,1277.07
1/17/19,1277.84
1/18/19,1281.96
1/21/19,1282.66
1/22/19,1279.59
1/23/19,1279.26
1/24/19,1278.61
1/25/19,1281.78
1/28/19,1279.72
1/29/19,1281.64
1/30/19,1284.64
1/31/19,1290.27
2/1/19,1291.82
2/4/19,1293.26
2/5/19,1298.33
2/6/19,1299.6
2/7/19,1294.88
2/8/19,1293.88
2/11/19,1294.84
2/12/19,1298.91
2/13/19,1299.52
2/14/19,1299.49
2/15/19,1301.76
2/18/19,1302.46
2/19/19,1303.05
2/20/19,1304.94
2/21/19,1305.15
2/22/19,1306.31
2/25/19,1308.58
2/26/19,1309.74
2/27/19,1311.22
2/28/19,1312.05
3/1/19,1312.64
3/4/19,1312.67
3/5/19,1312.17
3/6/19,1310.8
3/7/19,1308.56
3/8/19,1305.55
3/11/19,1307.98
3/12/19,1310.88
3/13/19,1313.94
3/14/19,1315
3/15/19,1316.02
3/18/19,1316.75
3/19/19,1318.15
3/20/19,1318.71
3/21/19,1321.34
3/22/19,1319.39
3/25/19,1318.28
3/26/19,1320.82
3/27/19,1321.17
3/28/19,1321.78
3/29/19,1324.68
3/31/19,1324.91
4/1/19,1327.39
4/2/19,1327.8
4/3/19,1329.54
4/4/19,1329.74
4/5/19,1331.82
4/8/19,1333.03
4/9/19,1333.2
4/10/19,1334.27
4/11/19,1336.72
4/12/19,1339.39
4/15/19,1339.62
4/16/19,1340.57
4/17/19,1339.76
4/18/19,1339.12
4/19/19,
4/22/19,1339.04
4/23/19,1340.68
4/24/19,1341.98
4/25/19,1341.05
4/26/19,1341.56
4/29/19,1342.77
4/30/19,1343.45
5/1/19,1344.07
5/2/19,1341.65
5/3/19,1343.46
5/6/19,1341.71
5/7/19,1340.35
5/8/19,1340.11
5/9/19,1336.46
5/10/19,1336.1
5/13/19,1330.87
5/14/19,1333.3
5/15/19,1332.49
5/16/19,1335.48
5/17/19,1335.35
5/20/19,1335.19
5/21/19,1337.71
5/22/19,1336.93
5/23/19,1332.83
5/24/19,1333.77
5/27/19,1334.48
5/28/19,1334.65
5/29/19,1329.88
5/30/19,1331.57
5/31/19,1326.37
6/3/19,1325.78
6/4/19,1331.17
6/5/19,1333.36
6/6/19,1334.92
6/7/19,1339.28
6/10/19,1343.59
6/11/19,1345.2
6/12/19,1343.77
6/13/19,1344.58
6/14/19,1344.12
6/17/19,1344.37
6/18/19,1348.58
6/19/19,1350.59
6/20/19,1357.36
6/21/19,1358.66
6/24/19,1359.34
6/25/19,1357.08
6/26/19,1356.56
6/27/19,1356.71
6/28/19,1358.42
6/30/19,1358.89
7/1/19,1361.32
7/2/19,1360.84
7/3/19,1361.97
7/4/19,1362.21
7/5/19,1361.37
7/8/19,1361.15
7/9/19,1359.32
7/10/19,1361.59
7/11/19,1360.71
7/12/19,1360.98
7/15/19,1361.98
7/16/19,1362.08
7/17/19,1361.12
7/18/19,1358.24
7/19/19,1358.74
7/22/19,1359.89
7/23/19,1361.79
7/24/19,1363.48
7/25/19,1364.29
7/26/19,1365.57
7/29/19,1365.94
7/30/19,1364.47
7/31/19,1365.85
8/1/19,1364.38
8/2/19,1360.69
8/5/19,1351.07
8/6/19,1353.65
8/7/19,1350.08
8/8/19,1356.54
8/9/19,1356.12
8/12/19,1355.46
8/13/19,1358.02
8/14/19,1351.52
8/15/19,1351.76
8/16/19,1354.09
8/19/19,1357.67
8/20/19,1359.22
8/21/19,1363.48
8/22/19,1365.34
8/23/19,1363.99
8/26/19,1364.89
8/27/19,1366.65
8/28/19,1368.14
8/29/19,1370.52
8/30/19,1371.14
8/31/19,1371.18
9/2/19,1371.66
9/3/19,1369.23
9/4/19,1371.08
9/5/19,1373.43
9/6/19,1374.66
9/9/19,1376.41
9/10/19,1377.64
9/11/19,1377.25
9/12/19,1378.22
9/13/19,1376.66
9/16/19,1380.29
9/17/19,1380.22
9/18/19,1379.66
9/19/19,1380.48
9/20/19,1380.51
9/23/19,1380.73
9/24/19,1380.57
9/25/19,1377.63
9/26/19,1377.05
9/27/19,1375.82
9/30/19,1375.53
10/1/19,1374.59
10/2/19,1368.68
10/3/19,1367.35
10/4/19,1369.51
10/7/19,1370.21
10/8/19,1367.8
10/9/19,1369.4
10/10/19,1370.27
10/11/19,1373.4
10/14/19,1374.11
10/15/19,1376.2
10/16/19,1377.45
10/17/19,1378.54
10/18/19,1378.77
10/21/19,1379.58
10/22/19,1379.79
10/23/19,1380.44
10/24/19,1381.34
10/25/19,1382.65
10/28/19,1383.31
10/29/19,1383.15
10/30/19,1381.33
10/31/19,1378.72
11/1/19,1380.55
11/4/19,1383.88
11/5/19,1383.09
11/6/19,1381.83
11/7/19,1381.8
11/8/19,1380.93
11/11/19,1381.65
11/12/19,1381.46
11/13/19,1380.18
11/14/19,1379.69
11/15/19,1379.98
11/18/19,1379.87
11/19/19,1377.75
11/20/19,1376.25
11/21/19,1375.71
11/22/19,1376.36
11/25/19,1378.8
11/26/19,1380.77
11/27/19,1382.16
11/28/19,
11/29/19,1382.25
11/30/19,1382.49
12/2/19,1381.41
12/3/19,1380.33
12/4/19,1383.85
12/5/19,1384.9
12/6/19,1388.17
12/9/19,1389.36
12/10/19,1391.08
12/11/19,1392.78
12/12/19,1396.45
12/13/19,1399.53
12/16/19,1402.38
12/17/19,1405.24
12/18/19,1408.24
12/19/19,1408.71
12/20/19,1409.11
12/23/19,1409.71
12/24/19,1409.81
12/25/19,
12/26/19,1410.48
12/27/19,1411.07
12/30/19,1411.36
12/31/19,1411.39
1/1/20,
1/2/20,1413.29
1/3/20,1414.29
1/6/20,1415.42
1/7/20,1416.35
1/8/20,1416.39
1/9/20,1416.95
1/10/20,1417.96
1/13/20,1419.05
1/14/20,1420.18
1/15/20,1421.02
1/16/20,1421.89
1/17/20,1422.1
1/20/20,1422.82
1/21/20,1421.73
1/22/20,1421.25
1/23/20,1418.26
1/24/20,1416.08
1/27/20,1407.36
1/28/20,1412.98
1/29/20,1414.52
1/30/20,1411.52
1/31/20,1411.45
2/3/20,1412.63
2/4/20,1415.39
2/5/20,1418.19
2/6/20,1420.64
2/7/20,1420.33
2/10/20,1420.65
2/11/20,1424.82
2/12/20,1426.42
2/13/20,1427.15
2/14/20,1427.35
2/17/20,1428.07
2/18/20,1427.36
2/19/20,1428.9
2/20/20,1429.08
2/21/20,1428.24
2/24/20,1417.92
2/25/20,1414.54
2/26/20,1411.77
2/27/20,1399.11
2/28/20,1389.09
2/29/20,1389.57
3/2/20,1396.03
3/3/20,1404.37
3/4/20,1411.61
3/5/20,1403.2
3/6/20,1383.25
3/9/20,1333.31
3/10/20,1337.71
3/11/20,1321.7
3/12/20,1278.05
3/13/20,1282.37
3/16/20,1237.61
3/17/20,1226.31
3/18/20,1183.48
3/19/20,1152.98
3/20/20,1147.08
3/23/20,1121.21
3/24/20,1132.92
3/25/20,1152.69
3/26/20,1191.63
3/27/20,1208.84
3/30/20,1218.44
3/31/20,1226.17
4/1/20,1210.31
4/2/20,1206.53
4/3/20,1196.36
4/6/20,1201
4/7/20,1216.87
4/8/20,1220.85
4/9/20,1259.48
4/10/20,
4/13/20,1276.52
4/14/20,1289.41
4/15/20,1282.51
4/16/20,1283.5
4/17/20,1291.96
4/20/20,1286.05
4/21/20,1269.97
4/22/20,1270.09
4/23/20,1268.63
4/24/20,1262.53
4/27/20,1261.55
4/28/20,1263.15
4/29/20,1268.68
4/30/20,1272.77
5/1/20,1269.22
5/4/20,1267.26
5/5/20,1274.82
5/6/20,1276.31
5/7/20,1279.23
5/8/20,1281.57
5/11/20,1281.51
5/12/20,1287.56
5/13/20,1281.54
5/14/20,1273.06
5/15/20,1272.21
5/18/20,1286.82
5/19/20,1290.77
5/20/20,1300.52
5/21/20,1305.18
5/22/20,1306.93
5/25/20,1307.61
5/26/20,1320.74
5/27/20,1325.94
5/28/20,1331.76
5/29/20,1330.75
5/31/20,1330.99
6/1/20,1334.9
6/2/20,1345.31
6/3/20,1358.96
6/4/20,1360.43
6/5/20,1375
6/8/20,1378.95
6/9/20,1374.07
6/10/20,1370.64
6/11/20,1350.44
6/12/20,1354.32
6/15/20,1352.9
6/16/20,1371.76
6/17/20,1371.45
6/18/20,1366.2
6/19/20,1366
6/22/20,1365.37
6/23/20,1366.21
6/24/20,1357.69
6/25/20,1352.96
6/26/20,1348.85
6/29/20,1343.33
6/30/20,1343.96
7/1/20,1348
7/2/20,1354.8
7/3/20,1355.03
7/6/20,1361.87
7/7/20,1362.57
7/8/20,1361.78
7/9/20,1359.72
7/10/20,1358.76
7/13/20,1364.06
7/14/20,1362.55
7/15/20,1371
7/16/20,1372.79
7/17/20,1374.96
7/20/20,1381.29
7/21/20,1390.4
7/22/20,1394.07
7/23/20,1395.67
7/24/20,1395.83
7/27/20,1397.64
7/28/20,1397.91
7/29/20,1402.56
7/30/20,1405.29
7/31/20,1408.17
8/3/20,1411.29
8/4/20,1411.25
8/5/20,1415.6
8/6/20,1415.79
8/7/20,1416.33
8/10/20,1416.62
8/11/20,1417.89
8/12/20,1415.33
8/13/20,1412.29
8/14/20,1408.92
8/17/20,1408.58
8/18/20,1409.63
8/19/20,1410.16
8/20/20,1409.56
8/21/20,1410.18
8/24/20,1414.3
8/25/20,1417.98
8/26/20,1418.97
8/27/20,1420.18
8/28/20,1421.21
8/31/20,1422.03
9/1/20,1423.72
9/2/20,1426.43
9/3/20,1424.19
9/4/20,1419.54
9/7/20,1420.24
9/8/20,1415.51
9/9/20,1417.55
9/10/20,1418.08
9/11/20,1416.34
9/14/20,1417
9/15/20,1418.37
9/16/20,1420.65
9/17/20,1418.91
9/18/20,1418.26
9/21/20,1408.44
9/22/20,1406.41
9/23/20,1404.14
9/24/20,1396.5
9/25/20,1395.96
9/28/20,1401.59
9/29/20,1402.73
9/30/20,1407.21
10/1/20,1409.46
10/2/20,1408.28
10/5/20,1414.76
10/6/20,1420.08
10/7/20,1420.79
10/8/20,1424.21
10/9/20,1426.38
10/12/20,1427.07
10/13/20,1429.67
10/14/20,1429.07
10/15/20,1424.21
10/16/20,1426.51
10/19/20,1427.98
10/20/20,1428.37
10/21/20,1427.92
10/22/20,1428.02
10/23/20,1429.16
10/26/20,1424.93
10/27/20,1423.75
10/28/20,1413.88
10/29/20,1414.12
10/30/20,1413.76
10/31/20,1413.79
11/2/20,1417.13
11/3/20,1423.26
11/4/20,1436.01
11/5/20,1445.08
11/6/20,1443.74
11/9/20,1461
11/10/20,1457.03
11/11/20,1457.26
11/12/20,1450.85
11/13/20,1450.4
11/16/20,1455.56
11/17/20,1457.18
11/18/20,1459.91
11/19/20,1459.05
11/20/20,1459.42
11/23/20,1462.37
11/24/20,1468.3
11/25/20,1468.12
11/26/20,1468.36
11/27/20,1469.04
11/30/20,1470.38
12/1/20,1473.67
12/2/20,1475.8
12/3/20,1479.54
12/4/20,1482.5
12/7/20,1484.2
12/8/20,1485.3
12/9/20,1484.71
12/10/20,1484.79
12/11/20,1484.31
12/14/20,1486.19
12/15/20,1486.82
12/16/20,1487.48
12/17/20,1488.67
12/18/20,1489.37
12/21/20,1485.15
12/22/20,1487.2
12/23/20,1488.92
12/24/20,1489.88
12/25/20,
12/28/20,1495.82
12/29/20,1496.53
12/30/20,1497.48
12/31/20,1498.42
1/1/21,
1/4/21,1498.02
1/5/21,1498.31
1/6/21,1499.91
1/7/21,1501.01
1/8/21,1501.87
1/11/21,1499.92
1/12/21,1498.46
1/13/21,1500.52
1/14/21,1503.05
1/15/21,1503.92
1/18/21,1504.62
1/19/21,1505.73
1/20/21,1508.17
1/21/21,1508.42
1/22/21,1505.03
1/25/21,1505.75
1/26/21,1506.1
1/27/21,1503.36
1/28/21,1505.23
1/29/21,1503.92
1/31/21,1504.16
2/1/21,1505.01
2/2/21,1507.47
2/3/21,1510.51
2/4/21,1512.6
2/5/21,1514.71
2/8/21,1516.74
2/9/21,1517.77
2/10/21,1518.7
2/11/21,1519.48
2/12/21,1519.18
2/15/21,1519.88
2/16/21,1519.54
2/17/21,1518.91
2/18/21,1518.02
2/19/21,1518.46
2/22/21,1517.16
2/23/21,1516.16
2/24/21,1516.34
2/25/21,1511.89
2/26/21,1508.48
2/28/21,1509.4
3/1/21,1512.41
3/2/21,1513.88
3/3/21,1512.56
3/4/21,1509.93
3/5/21,1506.33
3/8/21,1505.69
3/9/21,1504.37
3/10/21,1504.07
3/11/21,1509.19
3/12/21,1505.77
3/15/21,1505.66
3/16/21,1505.61
3/17/21,1502.04
3/18/21,1498.49
3/19/21,1497.81
3/22/21,1502.34
3/23/21,1504.31
3/24/21,1507.05
3/25/21,1506.75
3/26/21,1507.9
3/29/21,1508.77
3/30/21,1508.52
3/31/21,1511.97
4/1/21,1514.81
4/2/21,
4/5/21,1517.8
4/6/21,1520.33
4/7/21,1521.9
4/8/21,1523.68
4/9/21,1522.81
4/12/21,1521.87
4/13/21,1520.62
4/14/21,1522.17
4/15/21,1525.45
4/16/21,1526.35
4/19/21,1525.51
4/20/21,1522.91
4/21/21,1522.99
4/22/21,1524.2
4/23/21,1525.54
4/26/21,1526.87
4/27/21,1527.12
4/28/21,1526.97
4/29/21,1527.81
4/30/21,1528.55
5/3/21,1529.99
5/4/21,1529.13
5/5/21,1530.78
5/6/21,1531.28
5/7/21,1532.78
5/10/21,1533.59
5/11/21,1529.6
5/12/21,1527.29
5/13/21,1527.06
5/14/21,1528.68
5/17/21,1528.87
5/18/21,1528.79
5/19/21,1525.08
5/20/21,1525.96
5/21/21,1527.33
5/24/21,1528.49
5/25/21,1530.07
5/26/21,1530.69
5/27/21,1531.78
5/28/21,1532.5
5/31/21,1532.96
6/1/21,1533.95
6/2/21,1536.1
6/3/21,1535.83
6/4/21,1537.63
6/7/21,1538.72
6/8/21,1540.79
6/9/21,1543.33
6/10/21,1544.04
6/11/21,1545.03
6/14/21,1545.6
6/15/21,1545.93
6/16/21,1545.4
6/17/21,1544.06
6/18/21,1543.29
6/21/21,1544.83
6/22/21,1545.35
6/23/21,1546.55
6/24/21,1548.22
6/25/21,1549.4
6/28/21,1550.75
6/29/21,1552.08
6/30/21,1553.91
7/1/21,1555.48
7/2/21,1556.63
7/5/21,1557.33
7/6/21,1558.95
7/7/21,1560.48
7/8/21,1558.72
7/9/21,1559.59
7/12/21,1560.45
7/13/21,1559.9
7/14/21,1559.41
7/15/21,1557.94
7/16/21,1556.86
7/19/21,1549.14
7/20/21,1552.07
7/21/21,1555.87
7/22/21,1557.45
7/23/21,1558.29
7/26/21,1559.07
7/27/21,1557.66
7/28/21,1557.55
7/29/21,1558.99
7/30/21,1559.4
7/31/21,1559.44
8/2/21,1559.73
8/3/21,1557.62
8/4/21,1556.35
8/5/21,1556.65
8/6/21,1556.63
8/9/21,1555.24
8/10/21,1554.78
8/11/21,1553
8/12/21,1553.53
8/13/21,1554.45
8/16/21,1554.33
8/17/21,1553.97
8/18/21,1554.57
8/19/21,1551.9
8/20/21,1552.98
8/23/21,1555.85
8/24/21,1558.68
8/25/21,1560.08
8/26/21,1560.76
8/27/21,1564.21
8/30/21,1566.66
8/31/21,1567.95
9/1/21,1568.98
9/2/21,1570.7
9/3/21,1570.8
9/6/21,1571.5
9/7/21,1570.53
9/8/21,1570.98
9/9/21,1572.05
9/10/21,1572.73
9/13/21,1574.43
9/14/21,1575.16
9/15/21,1575.84
9/16/21,1575.66
9/17/21,1575.41
9/20/21,1570.05
9/21/21,1572.06
9/22/21,1574.21
9/23/21,1574.4
9/24/21,1572.77
9/27/21,1571.91
9/28/21,1567.52
9/29/21,1568.96
9/30/21,1568.47
10/1/21,1568.23
10/4/21,1567.17
10/5/21,1567.34
10/6/21,1562.42
10/7/21,1564.99
10/8/21,1563.29
10/11/21,1563.99
10/12/21,1560.34
10/13/21,1560.69
10/14/21,1565.13
10/15/21,1565.84
10/18/21,1564.79
10/19/21,1565.77
10/20/21,1566.33
10/21/21,1566.17
10/22/21,1564.31
10/25/21,1564.13
10/26/21,1565.19
10/27/21,1565.92
10/28/21,1566.22
10/29/21,1565.45
10/31/21,1565.68
11/1/21,1565.06
11/2/21,1565.67
11/3/21,1565.65
11/4/21,1569.21
11/5/21,1574.69
11/8/21,1577.06
11/9/21,1577.43
11/10/21,1573.95
11/11/21,1574.18
11/12/21,1570.91
11/15/21,1568.93
11/16/21,1567.44
11/17/21,1566.47
11/18/21,1566.35
11/19/21,1565.14
11/22/21,1563.4
11/23/21,1557.15
11/24/21,1554.5
11/25/21,1554.74
11/26/21,1546.06
11/29/21,1551.33
11/30/21,1549.64
12/1/21,1554.16
12/2/21,1553.73
12/3/21,1556.83
12/6/21,1560.42
12/7/21,1569.72
12/8/21,1568.12
12/9/21,1567.35
12/10/21,1566.41
12/13/21,1567.11
12/14/21,1564.8
12/15/21,1565.12
12/16/21,1568.78
12/17/21,1567.37
12/20/21,1565.19
12/21/21,1569.77
12/22/21,1572.38
12/23/21,1574.77
12/24/21,
12/27/21,1578.73
12/28/21,1579.58
12/29/21,1578.92
12/30/21,1578.73
12/31/21,1578.79